Métrica,Valor
Usuários Retidos (Controle),1151221.007664
Usuários Retidos (Target),1720921.69525
Diferença na Retenção,569700.6875860002
Receita Incremental,27288662.93536941
Custo Total,10726250.0
ROI,1.5441009612277738
